{"cameraMode":{"drawMode":0,"name":"Shaded","section":"Shading Mode"},"sceneLighting":false,"audioPlay":false,"sceneViewState":{"m_AlwaysRefresh":false,"showFog":true,"showSkybox":false,"showFlares":true,"showImageEffects":true,"showParticleSystems":true,"showVisualEffectGraphs":true,"m_FxEnabled":true},"in2DMode":false,"pivot":{"x":1.5118517875671387,"y":3.897451400756836,"z":7.433243751525879},"rotation":{"x":0.20485715568065644,"y":-0.027896033599972726,"z":0.005827463231980801,"w":0.9783937335014343},"size":0.8660253882408142,"orthographic":true}