{"cameraMode":{"drawMode":0,"name":"Shaded","section":"Shading Mode"},"sceneLighting":false,"audioPlay":false,"sceneViewState":{"m_AlwaysRefresh":false,"showFog":true,"showSkybox":false,"showFlares":true,"showImageEffects":true,"showParticleSystems":true,"showVisualEffectGraphs":true,"m_FxEnabled":true},"in2DMode":false,"pivot":{"x":2.2950000762939455,"y":1.4950000047683716,"z":5.960464477539063e-8},"rotation":{"x":0.20485715568065644,"y":-0.027896033599972726,"z":0.005827463231980801,"w":0.9783937335014343},"size":3.6645562648773195,"orthographic":true}