{"cameraMode":{"drawMode":0,"name":"Shaded","section":"Shading Mode"},"sceneLighting":false,"audioPlay":false,"sceneViewState":{"m_AlwaysRefresh":false,"showFog":true,"showSkybox":false,"showFlares":true,"showImageEffects":true,"showParticleSystems":true,"showVisualEffectGraphs":true,"m_FxEnabled":true},"in2DMode":false,"pivot":{"x":-0.11778959631919861,"y":1.9152766466140748,"z":-2.373561382293701},"rotation":{"x":0.22825363278388978,"y":-0.11360803991556168,"z":0.026835503056645395,"w":0.9665859937667847},"size":0.8223476409912109,"orthographic":true}